{"count":1,"self":343.1053568,"total":1872.8044258999998,"children":{"InitializeActuators":{"count":11,"self":0.0020131,"total":0.0020131,"children":null},"InitializeSensors":{"count":11,"self":0.0020066999999999997,"total":0.0020066999999999997,"children":null},"AgentSendState":{"count":256001,"self":33.94352,"total":101.40296,"children":{"CollectObservations":{"count":1003612,"self":4.4632112,"total":4.4632111,"children":null},"CollectDiscreteActionMasks":{"count":1003612,"self":4.5680428,"total":4.5680428,"children":null},"RequestDecision":{"count":1003612,"self":16.905912,"total":58.428186399999994,"children":{"AgentInfo.ToProto":{"count":1003612,"self":10.534044,"total":41.522273999999996,"children":{"GenerateSensorData":{"count":1003612,"self":14.131843199999999,"total":30.988230299999998,"children":{"RayPerceptionSensor.Perceive":{"count":1003612,"self":16.8563872,"total":16.856387299999998,"children":null}}}}}}}}},"DecideAction":{"count":256001,"self":1414.7244031999999,"total":1414.7244122,"children":null},"AgentAct":{"count":256001,"self":12.780467199999999,"total":12.7804668,"children":null},"AgentInfo.ToProto":{"count":9897,"self":0.2153974,"total":0.7831998,"children":{"GenerateSensorData":{"count":9897,"self":0.2466408,"total":0.56780239999999993,"children":{"RayPerceptionSensor.Perceive":{"count":9897,"self":0.3211616,"total":0.3211616,"children":null}}}}}},"gauges":{"Jumper.CumulativeReward":{"count":9897,"max":1.59999967,"min":-1,"runningAverage":-0.842408359,"value":-1,"weightedAverage":-0.737894654}},"metadata":{"timer_format_version":"0.1.0","start_time_seconds":"1658093051","unity_version":"2019.4.39f1","command_line_arguments":"C:\\Program Files\\Unity\\Hub\\Editor\\2019.4.39f1\\Editor\\Unity.exe -projectpath D:\\Seminar Data Science\\A.I.-Jumping-Cars-ML-Agents-Example-master -useHub -hubIPC -cloudEnvironment production -licensingIpc LicenseClient-qBraaslio1k5WvuuID5LO -hubSessionId 83598e80-05d9-11ed-bb5c-6723f2082aa3 -accessToken ywCAB6GER2xBbxn9GZZD5BcFlhM7A8-5QHqHe0-erOI008f","communication_protocol_version":"1.2.0","com.unity.ml-agents_version":"1.6.0-preview","scene_name":"Main","end_time_seconds":"1658094924"}}